<?xml version="1.0" encoding="UTF-8"?>
<beans xmlns="http://www.springframework.org/schema/beans"
	xmlns:batch="http://www.springframework.org/schema/batch"
	xmlns:jdbc="http://www.springframework.org/schema/jdbc"
	xmlns:xsi="http://www.w3.org/2001/XMLSchema-instance"
	xmlns:context="http://www.springframework.org/schema/context"
	xmlns:task="http://www.springframework.org/schema/task"
	xmlns:int="http://www.springframework.org/schema/integration"
	xsi:schemaLocation="http://www.springframework.org/schema/jdbc http://www.springframework.org/schema/jdbc/spring-jdbc.xsd
		http://www.springframework.org/schema/integration http://www.springframework.org/schema/integration/spring-integration-2.2.xsd
		http://www.springframework.org/schema/task http://www.springframework.org/schema/task/spring-task.xsd
		http://www.springframework.org/schema/beans http://www.springframework.org/schema/beans/spring-beans.xsd
		http://www.springframework.org/schema/batch http://www.springframework.org/schema/batch/spring-batch.xsd
		http://www.springframework.org/schema/context http://www.springframework.org/schema/context/spring-context.xsd">

	<context:annotation-config/>

	<task:executor id="taskExecutor" pool-size="100"/>

	<bean class="org.springframework.batch.integration.samples.payments.config.CommonConfig"/>

	<bean id="businessService" class="org.springframework.batch.integration.samples.payments.service.SuperSlowBusinessService"/>

	<batch:job id="importPayments">
		<batch:step id="loadPayments">
			<batch:tasklet>
				<batch:chunk reader="itemReader"
							processor="itemProcessorAsync"
							writer="asyncWriter" commit-interval="10">
<!--  					<batch:skippable-exception-classes>
						<batch:include class="org.springframework.batch.item.file.FlatFileParseException"/>
					</batch:skippable-exception-classes> -->
					<batch:listeners>
						<batch:listener>
							<bean class="org.springframework.batch.integration.samples.payments.PaymentChunkListener"/>
						</batch:listener>
					</batch:listeners>
				</batch:chunk>
			</batch:tasklet>
		</batch:step>
		<batch:listeners>
			<batch:listener ref="notificationExecutionsListener"/>
		</batch:listeners>
	</batch:job>

	<bean id="itemReader" class="org.springframework.batch.item.file.FlatFileItemReader" scope="step">
		<property name="resource" value="file:///#{jobParameters['input.file.name']}" />
		<property name="linesToSkip" value="1"/>
		<property name="lineMapper">
			<bean class="org.springframework.batch.item.file.mapping.DefaultLineMapper">
				<property name="lineTokenizer">
					<bean class="org.springframework.batch.item.file.transform.DelimitedLineTokenizer">
						<property name="names" value="source,destination,amount,date" />
					</bean>
				</property>
				<property name="fieldSetMapper">
					<bean class="org.springframework.batch.integration.samples.payments.PaymentFieldSetMapper" />
				</property>
			</bean>
		</property>
	</bean>

	<bean id="asyncWriter" class="org.springframework.batch.integration.async.AsyncItemWriter">
		<property name="delegate" ref="itemWriter"/>
	</bean>

	<bean id="itemWriter" class="org.springframework.batch.integration.samples.payments.PaymentWriter">
		<constructor-arg name="dataSource" ref="dataSource"/>
	</bean>

	<bean id="itemProcessorAsync" class="org.springframework.batch.integration.async.AsyncItemProcessor">
		<property name="delegate" ref="itemProcessor"/>
		<property name="taskExecutor" ref="taskExecutor" />
	</bean>

	<beans profile="without-spring-integration">
		<bean id="itemProcessor" class="org.springframework.batch.integration.samples.payments.PaymentProcessor">
			<constructor-arg name="businessService" ref="businessService"/>
		</bean>
	</beans>
	<beans profile="with-spring-integration">
		<int:gateway id="itemProcessor" service-interface="org.springframework.batch.item.ItemProcessor"
			default-request-channel="sendItemChannel"
			default-reply-channel="processedItems"/>

		<int:channel id="sendItemChannel"/>
		<int:channel id="processedItems"/>

		<int:chain input-channel="sendItemChannel"
					output-channel="processedItems">
			<int:service-activator
				ref="businessService" method="doSomethingEnterprisey"/>
			<int:enricher>
				<int:property name="comment" value="Processed by Spring Integration"/>
			</int:enricher>
		</int:chain>
	</beans>
</beans>
