<?xml version="1.0" encoding="UTF-8"?>
<!--
 * Copyright 2002-2013 the original author or authors.
 *
 * Licensed under the Apache License, Version 2.0 (the "License");
 * you may not use this file except in compliance with the License.
 * You may obtain a copy of the License at
 *
 *      http://www.apache.org/licenses/LICENSE-2.0
 *
 * Unless required by applicable law or agreed to in writing, software
 * distributed under the License is distributed on an "AS IS" BASIS,
 * WITHOUT WARRANTIES OR CONDITIONS OF ANY KIND, either express or implied.
 * See the License for the specific language governing permissions and
 * limitations under the License.
-->
<beans xmlns="http://www.springframework.org/schema/beans"
	xmlns:batch="http://www.springframework.org/schema/batch"
	xmlns:jdbc="http://www.springframework.org/schema/jdbc"
	xmlns:xsi="http://www.w3.org/2001/XMLSchema-instance"
	xmlns:context="http://www.springframework.org/schema/context"
	xsi:schemaLocation="http://www.springframework.org/schema/jdbc http://www.springframework.org/schema/jdbc/spring-jdbc.xsd
		http://www.springframework.org/schema/beans http://www.springframework.org/schema/beans/spring-beans.xsd
		http://www.springframework.org/schema/batch http://www.springframework.org/schema/batch/spring-batch.xsd
		http://www.springframework.org/schema/context http://www.springframework.org/schema/context/spring-context.xsd">

	<context:annotation-config/>

	<bean class="org.springframework.batch.integration.samples.payments.config.CommonConfig"/>

	<batch:job id="importPayments">
		<batch:step id="loadPayments">
			<batch:tasklet>
				<batch:chunk reader="itemReader" writer="itemWriter" commit-interval="1">
<!--  					<batch:skippable-exception-classes>
						<batch:include class="org.springframework.batch.item.file.FlatFileParseException"/>
					</batch:skippable-exception-classes> -->
					<batch:listeners>
						<batch:listener>
							<bean class="org.springframework.batch.integration.samples.payments.PaymentChunkListener"/>
						</batch:listener>
					</batch:listeners>
				</batch:chunk>
			</batch:tasklet>
		</batch:step>
		<batch:listeners>
			<batch:listener ref="notificationExecutionsListener"/>
		</batch:listeners>
	</batch:job>

	<bean id="itemWriter" class="org.springframework.batch.integration.samples.payments.PaymentWriter">
		<constructor-arg name="dataSource" ref="dataSource"/>
	</bean>

	<bean id="itemReader" class="org.springframework.batch.item.file.FlatFileItemReader" scope="step">
		<property name="resource" value="file:///#{jobParameters['input.file.name']}" />
		<property name="linesToSkip" value="1"/>
		<property name="lineMapper">
			<bean class="org.springframework.batch.item.file.mapping.DefaultLineMapper">
				<property name="lineTokenizer">
					<bean class="org.springframework.batch.item.file.transform.DelimitedLineTokenizer">
						<property name="names" value="source,destination,amount,date" />
					</bean>
				</property>
				<property name="fieldSetMapper">
					<bean class="org.springframework.batch.integration.samples.payments.PaymentFieldSetMapper" />
				</property>
			</bean>
		</property>
	</bean>

	<bean id="chunkHandler" class="org.springframework.batch.integration.chunk.RemoteChunkHandlerFactoryBean">
		<property name="chunkWriter" ref="chunkItemWriter" />
		<property name="step" ref="loadPayments" />
	</bean>

</beans>
